INSERT INTO Film (title, genre, duration, age_rating, description) VALUES
('Аватар', 'Фантастика', 170, '12+', 'Науково-фантастичний фільм Джеймса Кемерона.'),
('Гаррі Поттер і філософський камінь', 'Фентезі', 152, '12+', 'Хлопчик-сирота Гаррі Поттер живе в родині своєї тітки і навіть не підозрює, що він справжній чарівник.'),
('Джон Уік', 'Бойовик', 101, '16+', 'Динамічний гостросюжетний бойовик, історія колишнього кілера, що мстить своїм кривдникам'),
('Людина-павук: Повернення додому', 'Фантастика', 148, '12+', 'Старшокласник Пітер Паркер отримує високотехнологічний чудо-костюм, що дарує йому неймовірні здібності'),
('Воно', 'Хорор', 135, '18+', 'Розповідь про сімку друзів із маленького містечка. Вони разом стають проти зла, що постає в образі клоуна');

INSERT INTO Hall (hall_name, line, seats_per_row) VALUES
('Зала 1', 4, 5),
('Зала 2', 4, 5),
('Зала 3', 4, 5),
('VIP Зала', 4, 5),
('IMAX', 4, 5);

INSERT INTO Session (film_id, hall_id, start_time, price) VALUES
(1, 1, '2025-05-25 18:00:00', 250.00),
(2, 2, '2025-05-25 14:30:00', 200.00),
(3, 3, '2025-05-25 20:15:00', 300.00),
(4, 4, '2025-05-26 19:00:00', 350.00),
(5, 5, '2025-05-26 22:45:00', 400.00);

INSERT INTO Ticket (session_id, seat_row, seat_number, status, customer_name) VALUES
(1, 1, 3, 'Заброньовано', 'Іван Петров'),
(2, 2, 8, 'Заброньовано', 'Марія Іванова'),
(3, 3, 12, 'Вільне', NULL),
(4, 1, 4, 'Заброньовано', 'Олег Проков'),
(5, 4, 20, 'Заброньовано', 'Андрій Голосій'),
(1, 1, 4, 'Заброньовано', 'Сергій Ронго'),
(1, 1, 5, 'Заброньовано', 'Антон Молодий'),
(1, 2, 6, 'Заброньовано', 'Ганна Величко'),
(1, 2, 8, 'Заброньовано', 'Сергій Ронго'),
(1, 2, 9, 'Заброньовано', 'Жан Зало'),
(1, 2, 10, 'Заброньовано', 'Джек Ніколсон');

INSERT INTO users (username, password, role) VALUES
('admin', '123', 'manager'),
('ivan', '123', 'cashier'),
('guest', '123', 'viewer');